,plot,seq,seqcode,stage,stagenum,bact,fung,bulkdens,co3,inorgC,totalC,totalN,orgC,naohPt,naohPi,naohPo,resinP,totalP,pHwater,pHcacl2,pHbacl2,exchAl,exchCa,exchFe,exchK,exchMg,exchMn,exchNa,teb,ecec,basesat,soilmoist,root,nema_plant_root,nema_bact,nema_fung,nema_omni,nema_carni,collem,mites_fung,mites_pred,LAI,wet
1,B.HR.2,Jurien Bay,JB,5,5,0.0729736,0.87048,1.1,0,0,1.127,0.027,1.13,2.9,0.6,2.2,0.66,7.28,7.35,6.2,4.45,0.05,0.93,0.02,0.01,0.22,0,0.02,1.18,1.25,94.11,10.21021021,0.00968543182591366,0.0636766,0.2983573,0.041701,0.1176029,0.0267757,0.0486855049402085,0.0785522165531044,0.114600553689993,0.4625,1
2,B.L.4,Jurien Bay,JB,5,5,0.0567056,0.31806,1.1,0,0,1.046,0.026,1.05,2.9,0.5,2.5,0.31,5.37,6.51,5.68,4.36,0.02,0.78,0.01,0.01,0.09,0,0.02,0.89,0.93,95.81,6.360022714,0.0107541111925476,0.0418127,0.1664629,0.0958662,0.1628877,0.0170281,0.386763860866054,0.085031459136421,0.120934334620385,0.2775,1
3,B.L.6,Jurien Bay,JB,5,5,0.0465962,0.34038,1.1,0,0,1.003,0.025,1,3,0.6,2.4,0.34,5.63,6.54,5.83,4.59,0.03,0.56,0.01,0.01,0.07,0,0,0.64,0.68,94.75,8.467094703,0.00139754784860186,0.0429813,0.1490792,0.0449658,0.1491276,0.0035818,0.11297997623931,0.0766456520355046,0.0461826458617753,0.27,1
4,B.NL.1,Jurien Bay,JB,5,5,0.0582743,0.4929,1.1,0,0,1.31,0.035,1.31,2.6,0.6,1.9,0.48,8.72,7.3,6.18,4.78,0.05,0.7,0.02,0.01,0.1,0,0.01,0.81,0.88,92.37,6.414899121,0.00125197506198305,0.0270292,0.2090832,0.0778699,0.1761905,0.0211657,0.103828764813514,0.113701593495583,0.0971300744927201,0.32,1
5,GUI-BAS-A,Guilderton,GUI,5,5,0.0647815,0.54312,1.31,0,0,0.965,0.02,0.96,6.1,0,6.1,0.39,3.9,5.69,4.16,4.05,0.02,1.41,0.01,0.03,0.27,0,0.09,1.8,1.83,98.17,7.011359185,0.00185177,0.0547933,0.1354086,0.0566827,0.0705385,0.0310705,0.118796273567371,0.146756251430539,0.128624006563087,0.5725,2
6,GUI-BAS-B,Guilderton,GUI,5,5,0.0582162,0.50034,1.31,0,0,2.904,0.064,2.9,6.6,0,6.6,0.62,6.06,5.44,4,3.94,0.02,2.05,0.01,0.04,0.41,0,0.15,2.65,2.68,99.04,5.815538392,0.0110818313696266,0.0075703,0.0986611,0.0308254,0.0443332,0.0036614,0.0574101924942924,0.13364842695311,0.0893446796232788,0.2875,2
7,GUI-BAS-C,Guilderton,GUI,5,5,0.045318,0.49662,1.31,0,0,0.844,0.016,0.84,3.8,0,3.8,0.6,2.59,5.33,3.9,3.86,0.02,2.25,0.01,0.05,0.4,0,0.23,2.93,2.96,99.07,5.297098111,0.010239733483177,0.0077947,0.2004982,0.036159,0.020786,0.0091557,0.0901767886261085,0.102154690243761,0.208596176924202,0.3675,2
8,GUI-BAS-D,Guilderton,GUI,5,5,0.0597268,0.47988,1.31,0,0,1.582,0.036,1.58,5.9,0,5.9,0.91,4.48,5.67,4.14,4.12,0.01,1.5,0.01,0.05,0.28,0,0.12,1.95,1.98,98.98,7.763157895,0.00525652126982039,0.0066464,0.1032808,0.0229124,0.0326487,0.0086286,0.0819048128617622,0.188673388294054,0.258693710290883,0.39,2
9,GUI-QM-A,Guilderton,GUI,2,2,0.1083565,0.40176,1.33,29.3,3.5,4.978,0.055,1.47,65.4,32.9,32.5,3.04,120.27,8.09,7.43,8.59,0.01,5.23,0,0.03,0.28,0,0.04,5.58,5.59,99.77,7.079252004,0.00142840455177334,0.0315525,0.1780707,0.0265075,0.105346,0.0063276,0.227267670756523,0.053846928833078,0.094036039381726,0.4075,2
10,GUI-QM-B,Guilderton,GUI,2,2,0.094122,0.37944,1.33,39,4.7,5.474,0.051,0.8,46,23.5,22.6,2.44,129.9,8.26,7.42,8.65,0.01,5.24,0,0.03,0.35,0,0.12,5.75,5.76,99.83,6.719717065,0.00197140492388213,0.0332354,0.0790969,0.021994,0.0912343,0.006028,0.0308320417056256,0.0119629638604694,0.0629675263581448,0.5225,2
11,GUI-QM-C,Guilderton,GUI,2,2,0.1302602,0.86676,1.33,39.8,4.8,6,0.064,1.23,50.1,27.6,22.4,3.08,148.3,8.45,7.41,8.66,0.01,4.73,0,0.03,0.38,0,0.1,5.23,5.25,99.77,6.809795371,0.00138405312960608,0.0136851,0.2854074,0.0099637,0.1747857,0.0257497,0.161677642466824,0.0604517556446718,0.0905475648291455,0.505,2
12,GUI-QM-D,Guilderton,GUI,2,2,0.162099,0.57474,1.33,36.9,4.4,5.627,0.08,1.19,50.6,23.2,27.4,2.29,151.52,8.5,7.34,8.4,0.01,7.5,0,0.04,0.49,0,0.07,8.1,8.12,99.79,7.632398754,0.00165710990168771,0.0269398,0.2967999,0.0230441,0.2514381,0.0097723,0.0423985297769934,0.0179418898973522,0.0299853888591798,0.525,2
13,GUI-QO-A,Guilderton,GUI,3,3,0.136535,0.82956,1.23,23.8,2.9,4.552,0.083,1.69,55.4,9.4,46,1.8,2.57,8.46,7.38,8.28,0.02,8.8,0,0.06,0.42,0,0.06,9.34,9.36,99.78,10.5500821,0.00358949856670483,0.0576062,0.2790301,0.0206272,0.4368471,0.0111012,0.102497157259179,0.0414510544804082,0.0774012484523658,0.485,2
14,GUI-QO-B,Guilderton,GUI,3,3,0.1352568,0.58962,1.23,15.9,1.9,3.246,0.078,1.34,72.5,14,58.5,2.28,179.3,8.45,7.41,8.33,0.04,8.14,0,0.05,0.27,0,0.04,8.49,8.54,99.52,9.948415623,0.00303562428480664,0.0443753,0.2398144,0.0100452,0.2843553,0.0163372,0.0286911883618564,0.0344801685246084,0.030544898069707,0.5475,2
15,GUI-QO-C,Guilderton,GUI,3,3,0.1477483,0.51522,1.23,13,1.6,3.083,0.085,1.52,80.5,22.9,57.6,2.38,171.95,8.4,7.43,8.22,0.02,9.86,0,0.05,0.39,0,0.05,10.35,10.38,99.77,8.81573969,0.0024100580926425,0.0503918,0.3636971,0.0077596,0.6339138,0.0256523,0.142194853819998,0.0412070231854156,0.108555129140762,0.5825,2
16,GUI-QO-D,Guilderton,GUI,3,3,0.1661079,0.69192,1.23,15,1.8,3.649,0.087,1.85,69.2,15.8,53.4,2.47,162.2,8.36,7.43,8.31,0.02,8.12,0,0.04,0.33,0,0.04,8.52,8.54,99.76,9.760273973,0.00321735437377614,0.068277,0.4225051,0.0200204,0.7826826,0.027953,0.0363428529370903,0.0300886041758857,0.028817863215795,0.5025,2
17,GUI-QY-A,Guilderton,GUI,1,1,0.0095865,0.05394,1.35,44.7,5.4,5.748,0.02,0.38,23.4,21.1,2.3,2.6,130.28,8.79,7.66,6.56,0.01,17.57,0,0.03,1.31,0,0.1,19,19.01,99.92,4.404494382,0.000628678777312127,0.0035998,0.0959103,0.0086568,0.0287988,0,0.41221602241402,0.159858349935874,0.119230341842299,0.3325,2
18,GUI-QY-B,Guilderton,GUI,1,1,0.0422968,0.18972,1.35,34.2,4.1,4.754,0.024,0.65,43.2,35.4,7.8,5.21,145.79,8.65,7.62,8.5,0.01,3.5,0,0.03,0.34,0,0.08,3.96,3.96,99.83,5.217045002,0.00072675773387445,0.0072543,0.1799352,0.0132996,0.0716896,0.0063155,0.257476331880039,0.0501838593927178,0.130889336472034,0.38,2
19,GUI-QY-C,Guilderton,GUI,1,1,0.0790741,0.29946,1.35,43.6,5.2,6.446,0.039,1.22,51.2,42.4,8.8,8.09,176.42,8.51,7.58,8.47,0.01,2.99,0,0.04,0.22,0,0.07,3.33,3.34,99.71,5.223880597,0.000805323134157208,0.0236688,0.2446674,0.0730552,0.0845391,0.0079795,0.0768632393229686,0.0578678885446732,0.0620650599524772,0.4725,2
20,GUI-QY-D,Guilderton,GUI,1,1,0.0279461,0.08742,1.35,46,5.5,6.007,0.025,0.48,29,25.7,3.3,3.34,161.27,8.83,7.56,8.64,0.01,3.14,0,0.05,0.24,0,0.06,3.49,3.5,99.74,5.251798561,0.00143513538683409,0.0318976,0.1471109,0.0007061,0.0558207,0,0.149730200817965,0.0656652115485685,0.102843587471123,0.3375,2
21,GUI-SY-A,Guilderton,GUI,4,4,0.0862785,0.53196,1.26,0,0,1.062,0.026,1.06,9.9,1.9,7.9,0.95,13.83,6.26,5.08,4.25,0.09,3.35,0.03,0.07,0.74,0.01,0.2,4.37,4.5,97.17,10.29857205,0.00888242254591015,0.0104452,0.2084944,0.0362169,0.145277,0.0494952,0.0346657521393887,0.0929845583795664,0.103869757238355,0.9025,2
22,GUI-SY-B,Guilderton,GUI,4,4,0.0531034,0.28086,1.26,0,0,0.57,0.014,0.57,6.6,1.3,5.3,0.78,9.59,6.2,4.87,4.45,0.06,2.18,0.01,0.06,0.55,0,0.16,2.95,3.04,97.28,7.941056079,0.00582320587393819,0.00786,0.1320913,0.0220516,0.0555111,0.0323132,0.021860655652134,0.0811041540401111,0.0366733977687434,0.625,2
23,GUI-SY-C,Guilderton,GUI,4,4,0.0807009,0.46128,1.26,0,0,0.918,0.022,0.92,9.7,1.9,7.7,0.98,13.57,6.09,4.84,4.48,0.05,2.92,0.02,0.09,0.69,0,0.13,3.83,3.9,98.23,9.087332809,0.00950697699689505,0.0287473,0.1755121,0.0213114,0.0429294,0.0340369,0.114359575438713,0.0979154224242366,0.0810170518833724,0.715,2
24,GUI-SY-D,Guilderton,GUI,4,4,0.0690228,0.56358,1.26,0,0,0.852,0.018,0.85,7.7,1.8,5.9,0.71,9.59,6.1,4.81,4.53,0.05,1.95,0.02,0.05,0.42,0,0.12,2.54,2.61,97.27,9.488714878,0.00794892462050563,0.0105581,0.1598515,0.0037135,0.0380576,0,0.0409217041572492,0.099255558535194,0.160243717101147,0.5325,2
25,Q.M.18,Jurien Bay,JB,2,2,0.2228716,1.31502,1.34,84.4,10.1,12.314,0.177,2.19,58.1,29.5,28.6,3.46,394.98,8.05,7.42,8.16,0.01,9.49,0,0.03,0.77,0,0.08,10.37,10.37,99.95,18.01385681,0.000743063259644042,0.0741022,0.630395,0.0320158,1.2457591,0.0259,0.311315981920787,0.100934142077037,0.0444880859235098,0.5175,1
26,Q.M.23,Jurien Bay,JB,2,2,0.1748229,0.78678,1.34,80.8,9.7,11.36,0.131,1.67,48.8,24.3,24.5,3.57,295.78,8.47,7.45,8.43,0.02,6.45,0,0.02,0.34,0,0.03,6.84,6.86,99.75,10.81967213,0.000491255587193102,0.0480003,0.406641,0.019915,0.2287675,0.0473917,0.271135692230593,0.082754675983147,0.359157073069343,0.5525,1
27,Q.M.25,Jurien Bay,JB,2,2,0.1812139,1.02486,1.34,72.8,8.7,11.073,0.156,2.34,56.3,23.5,32.7,3.42,259.33,8.53,7.47,8.29,0,8.19,0,0.03,0.59,0,0.09,8.9,8.9,100,10.95551895,0.00122130975403135,0.0512292,0.8187398,0.1089549,0.1663094,0.037,0.0997612807362575,0.131130598482669,0.259155884523773,0.435,1
28,Q.M.7,Jurien Bay,JB,2,2,0.198121,0.87606,1.34,79.2,9.5,11.814,0.152,2.31,64.7,42.6,22.1,9.44,494.04,7.75,7.32,8.08,0,8.06,0,0.03,0.81,0,0.25,9.15,9.15,99.99,12.15370867,0.000697542630256458,0.0488522,1.3950027,0.0601803,0.634371,0.0349282,0.380030990947314,0.0409203709534631,0.147166957357592,0.395,1
29,Q.O.11,Jurien Bay,JB,3,3,0.1346758,0.71238,1.18,6.7,0.8,1.912,0.058,1.11,39.8,11.7,28.1,1.58,71.56,8.31,7.24,8.29,0.02,5.67,0,0.03,0.19,0,0.02,5.89,5.92,99.63,9.489402697,0.00243737321444423,0.0903832,0.2483029,0.028196,0.4992806,0.0494823,0.0974132566432504,0.060713041607815,0.126585781145981,0.3,1
30,Q.O.14,Jurien Bay,JB,3,3,0.1314803,0.465,1.18,16.6,2,3.566,0.073,1.57,53.7,18.2,35.5,2.17,128.63,8.35,7.3,8.28,0,5.68,0,0.02,0.32,0,0.03,6.06,6.07,99.92,9.59798995,0.00185176593595036,0.0425009,0.3778303,0.0203049,0.5127981,0.057431,0.203719045578516,0.0744858412790434,0.132233058248227,0.28,1
31,Q.O.20,Jurien Bay,JB,3,3,0.2661561,0.98022,1.18,75.7,9.1,11.51,0.209,2.42,56.5,13.7,42.8,2.9,505.8,8.4,7.32,8.22,0,13.11,0,0.05,0.76,0,0.08,13.99,14,99.99,13.21112516,0.00252891010830806,0.2489723,0.2742535,0.0290265,0.3565576,0.0415734,0.0993076511686672,0.0891869590267951,0.133578025436173,0.3425,1
32,Q.O.4,Jurien Bay,JB,3,3,0.0858718,0.33666,1.18,78.8,9.5,10.55,0.077,1.09,42.8,31.3,11.5,3.48,286.53,8.14,7.17,8.56,0.02,4.27,0.03,0.02,0.3,0,0,4.59,4.64,99,10.50024765,0.00167616766122158,0.0082993,0.3055527,0.0396983,0.4027929,0.0204716,0.214462668389447,0.0789541623023444,0.0407109272299272,0.5,1
33,Q.Y.12,Jurien Bay,JB,1,1,0.0173719,0.093,1.26,90.8,10.9,10.948,0.029,0.05,23.1,23.5,0,3.07,226.74,8.98,7.81,7.77,0,29.61,0,0,2.62,0,0.1,32.33,32.33,100,10.77788191,0.000191690686687068,0.0007465,0.0930672,0.0097463,0.0325154,0,0.292529616636009,0.0831453883141158,0.0593491316058035,0.3875,1
34,Q.Y.16,Jurien Bay,JB,1,1,0.041832,0.39804,1.26,84.1,10.1,10.706,0.03,0.61,24.4,24.3,0,4.37,258.16,8.94,7.78,7.96,0.01,8.47,0,0.01,0.5,0,0.02,9,9.01,99.93,11.24620061,0.000448699081893718,0.0102109,0.2936297,0.0252655,0.1026329,0.0096873,0.289742012878222,0.0738366076509119,0.0879325166949032,0.44,1
35,Q.Y.7,Jurien Bay,JB,1,1,0.0666988,0.38688,1.26,90.5,10.9,10.88,0.029,0.02,35.3,32.6,2.7,7.2,267.7,8.82,7.73,8.64,0.02,3.41,0,0.01,0.24,0,0.04,3.71,3.73,99.42,11.49612719,0.000820721889112608,0.0523483,0.2597635,0.020872,0.0377042,0,0.0684898690649439,0.140615239068717,0.0649305846689674,0.2875,1
36,Q.Y.8,Jurien Bay,JB,1,1,0.0603078,0.75702,1.26,82.2,9.9,11.049,0.021,1.18,26.1,25,1.2,4.66,231.1,8.9,7.75,8.23,0.01,14.94,0,0,1.05,0,0.07,16.06,16.06,99.96,13.45565749,0.000717566105916536,0.0106241,0.1827528,0.0088316,0.0391738,0.0064707,0.104250862333181,0.0823321275076487,0.142813078699455,0.3125,1
37,S.W.17,Jurien Bay,JB,4,4,0.08715,0.64356,1.39,0,0,0.848,0.032,0.85,9.7,2.3,7.3,0.55,14.18,6.05,5.46,5.19,0.02,1.78,0.02,0.03,0.29,0,0.03,2.13,2.17,97.95,7.367972743,0.00107152275759143,0.012319,0.2932691,0.0302425,0.2349482,0.0164253,0.107201599554266,0.24784575032677,0.121746395295786,0.385,1
38,S.W.26,Jurien Bay,JB,4,4,0.0839545,0.47988,1.39,0,0,0.903,0.029,0.9,9.6,2.7,6.8,0.4,16.92,6.06,5.42,5.18,0,1.22,0.01,0.02,0.2,0,0.01,1.44,1.45,99.18,5.434255216,0.00350972756020413,0.0502534,0.4090804,0.0696495,0.3752255,0.0130483,0.124203067371289,0.135564769480783,0.114078705160362,0.6975,1
39,S.W.36,Jurien Bay,JB,4,4,0.1206156,1.08252,1.39,0,0,0.815,0.028,0.82,10.5,2.5,8.1,0.65,20.09,6.13,5.43,5.19,0.02,1.9,0,0.03,0.27,0,0,2.2,2.22,99.02,10.91758709,0.0108363218864658,0.0678082,0.5635617,0.0926712,0.4580822,0.0159296,0.0385750278600315,0.148078471158892,0.0332076167464009,0.395,1
40,S.W.6,Jurien Bay,JB,4,4,0.1027789,0.81654,1.39,0,0,0.651,0.018,0.65,11.1,3.6,7.5,0.66,21.23,5.63,5.16,5.07,0.05,1.77,0.01,0.06,0.26,0.01,0.01,2.1,2.17,96.81,13.96768402,0.00236405882101832,0.0262167,0.1441919,0.0934653,0.1682239,0.0101044,0.211112427304356,0.141592254391505,0.248732875137857,0.5725,1
41,WAR-BAS-A,Warren,WAR,5,5,0.1390333,2.16132,1.26,0,0,1.092,0.027,1.09,12.5,2.5,10,3.8,7.64,5.12,3.92,4.01,0.02,1.41,0,0.05,0.46,0.04,0.07,1.99,2.05,96.79,14.93190661,0.00344069304473306,0.1368039,0.2593507,0.0922509,0.2583024,0.119402,0.20337940172728,0.24818155106144,0.192491245968367,1.1725,4
42,WAR-BAS-B,Warren,WAR,5,5,0.0758786,0.9393,1.26,0,0,0.523,0.014,0.52,8.8,1.4,7.4,1.25,6.09,5.01,3.8,4.01,0.02,0.55,0.03,0.03,0.24,0.03,0.06,0.87,0.95,92.09,11.62790698,0.00142189245757245,0.0638254,0.1173716,0.0325148,0.0578041,0.038192,0.0990088100055936,0.353277310387812,0.162370595362959,1.13,4
43,WAR-BAS-C,Warren,WAR,5,5,0.1101576,2.37894,1.26,0,0,0.706,0.019,0.71,9.1,0.9,8.2,1.25,5.48,5.19,4.08,4.01,0.01,1.77,0.01,0.05,0.63,0.04,0.09,2.55,2.61,97.62,13.20119671,0.00392613482595078,0.1640321,0.2608603,0.0416623,0.2579293,0.0651627,1.11546112799837,0.488212131150839,0.127398344028231,1.1675,4
44,WAR-BAS-D,Warren,WAR,5,5,0.1155028,1.69632,1.26,0,0,0.553,0.013,0.55,9.9,2,7.9,2.64,6.32,5.05,4.04,4.01,0.02363,1.13605,0.02554,0.05007,0.35884,0.09585,0.07458,1.61953,1.76455,91.78118,13.1093814,0.0023718448257721,0.0701781,0.10562,0.0259979,0.0486308,0.0610056,0.844882054008712,0.561232370004241,0.278047935908728,1.07,4
45,WAR-QM-A,Warren,WAR,2,2,0.1900451,3.29964,1.3,0.9,0.1,1.096,0.048,0.99,17.4,3.5,13.8,2.93,18.42,6.74,5.8,6.29,0.01,9.19,0.01,0.15,0.85,0,0.1,10.29,10.31,99.8,7.914151576,0.0015695428272025,0.0619612,0.3090059,0.0173084,0.1140318,0,0.260252380646075,0.143934870306549,0.108193008382831,1.705,4
46,WAR-QM-B,Warren,WAR,2,2,0.1605303,1.55496,1.3,1.7,0.2,1.291,0.073,1.09,35.3,7,28.3,4.48,41.51,7.06,6.46,7,0.01,9.38,0,0.06,0.94,0,0.1,10.47,10.48,99.92,3.912363067,0.00198401014711872,0.0385226,0.3250344,0.0468692,0.4853847,0,0.31471087253536,0.209846599542189,0.11097916321792,1.53,4
47,WAR-QM-C,Warren,WAR,2,2,0.121429,1.67772,1.3,1.5,0.2,0.737,0.031,0.55,24,6.8,17.2,5.61,27.31,7.24,6.62,7,0,6.41,0,0.04,0.53,0,0.07,7.04,7.04,99.93,4.116394606,0.000896950854989643,0.0317589,0.2112418,0.0316984,0.226849,0.0447649,0.547771170849465,0.151820346444931,0.221087054503723,1.7025,4
48,WAR-QM-D,Warren,WAR,2,2,0.1457729,2.27664,1.3,0.8,0.1,0.793,0.044,0.69,25.6,6.1,19.5,4.33,26.33,7.16,6.47,7,0.02,4.46,0,0.03,0.54,0,0.08,5.12,5.14,99.59,5.82029829,0.000854230117203424,0.0273535,0.5846363,0.0507864,0.4871665,0,0.237729198547486,0.331671103026944,0.154904889208258,1.395,4
49,WAR-QO-A,Warren,WAR,3,3,0.2125298,3.33126,0.83,1.5,0.2,1.934,0.088,1.76,40.4,7.1,33.2,9.65,31.2,6.11,5.12,4.58,0.01,6.74,0.01,0.07,1.87,0.01,0.17,8.86,8.89,99.59,22.40975152,0.00678471763667097,0.1515966,0.2896192,0.0355893,0.3066153,0.0168821,0.20065001794141,0.40032792836646,0.337502682869756,1.585,4
50,WAR-QO-B,Warren,WAR,3,3,0.0144669,0.39804,0.83,3.4,0.4,1.526,0.074,1.12,33,2.3,30.6,4.35,29.44,5.63,4.26,4.01,0.01,7.65,0.01,0.13,2.39,0.04,0.3,10.47,10.52,99.47,21.94690265,0.00620597041729455,0.1079049,0.1755508,0.0077597,0.040898,0.0067555,0.261260842558242,0.700139510980479,0.157163866863756,1.775,4
51,WAR-QO-C,Warren,WAR,3,3,0.2624958,4.49562,0.83,3.3,0.4,1.811,0.086,1.41,48.6,8.3,40.3,10.21,43.17,5.53,4.35,4.09,0.01,6.16,0.01,0.09,1.94,0.02,0.18,8.37,8.41,99.5,25.02351834,0.00323426069441651,0.2495014,0.4056865,0.0551159,0.2210273,0,0.283742551732887,0.334990441648272,0.221592138946289,1.6375,4
52,WAR-QO-D,Warren,WAR,3,3,0.3254181,5.61162,0.83,7.7,0.9,3.142,0.17,2.22,68.2,9.9,58.2,14.91,61.85,6.01,5.31,4.99,0.01,12.58,0.01,0.11,3.27,0.01,0.29,16.24,16.27,99.86,27.74498229,0.00326813240862986,0.1731483,0.3617403,0.0748506,0.0757524,0.0333671,0.172050381200645,0.272703983348982,0.539634441351433,1.5475,4
53,WAR-QY-A,Warren,WAR,1,1,0.0931924,1.37454,1.38,1.5,0.2,0.57,0.018,0.39,17.2,8.9,8.4,2.75,21.48,7.9,6.76,7.3,0,3.99,0,0.03,0.25,0,0.06,4.33,4.33,99.84,12.11640212,0.00151734230622349,0.0229184,0.3124008,0.0857538,0.7009145,0.0250327,0.159788220608747,0.0978146945546527,0.130055813775068,0.9425,4
54,WAR-QY-B,Warren,WAR,1,1,0.0375326,0.4185,1.38,1,0.1,0.564,0.006,0.44,20.5,12.5,8,1.17,22.8,8.02,7.07,8.21,0.02,3.59,0,0.01,0.35,0,0.03,3.98,4,99.46,12.11594203,0.000816798001980315,0.0288231,0.261224,0.0360886,0.1177779,0.0070743,0.0747706331326913,0.104451045744878,0.0849401742455199,0.645,4
55,WAR-QY-C,Warren,WAR,1,1,0.0593782,0.63426,1.38,2.2,0.3,0.409,0.005,0.15,17.6,14.6,2.9,2.03,24.15,8.31,7.15,8.25,0,1.07,0,0.01,0.1,0,0.03,1.21,1.21,99.74,9.620872401,0.000394288537210206,0.0289553,0.4383897,0.0101843,0.1043722,0,0.0839053810273488,0.120263357593311,0.18433605699459,0.865,4
56,WAR-QY-D,Warren,WAR,1,1,0.138278,1.4508,1.38,1.7,0.2,0.736,0.03,0.54,23.2,10,13.2,1.72,29.65,8.32,7.2,7.82,0,4.96,0,0.03,0.5,0,0.06,5.55,5.55,99.94,11.12158341,0.000176109024064112,0.0391987,0.3948904,0.0271003,0.4878058,0.090657,0.186783576381782,0.203900467226308,0.147346994001864,0.9875,4
57,WAR-SY-A,Warren,WAR,4,4,0.2002707,3.41682,1.21,0,0,1.891,0.097,1.89,40.8,7,33.7,7.08,41.65,6.19,4.92,4.44,0.02,6.39,0.01,0.09,1.5,0.02,0.19,8.16,8.21,99.39,19.75550122,0.00670345981939861,0.1301061,0.4285606,0.1203246,0.2067084,0,0.119681848273591,0.369266450998301,0.231753482419817,1.525,4
58,WAR-SY-B,Warren,WAR,4,4,0.137697,1.80792,1.21,0,0,1.331,0.064,1.33,29.5,3.5,26,5.12,30.46,5.88,4.47,4.19,0.03,4.34,0.01,0.08,1.21,0.01,0.16,5.78,5.84,99.02,16.29374641,0.00278534075584139,0.1197473,0.2527724,0.0215248,0.2185471,0.0475855,0.26545315259395,0.144781526394763,0.253602576998559,1.31,4
59,WAR-SY-C,Warren,WAR,4,4,0.1744162,2.46636,1.21,0,0,1.636,0.079,1.64,50.3,19.2,31.2,5.85,57.67,7.01,6.46,7,0.01,10.54,0.01,0.07,1.17,0,0.2,11.97,11.99,99.83,21.91044776,0.00156604747503667,0.0761473,0.524444,0.4189995,0.0848607,0.0373791,0.168098930194971,0.159498503086978,0.115214323673587,1.64,4
60,WAR-SY-D,Warren,WAR,4,4,0.1924272,3.27918,1.21,0,0,1.799,0.095,1.8,38.3,4.4,33.9,6.38,34.67,6.21,4.84,4.57,0.02,5.33,0.01,0.07,1.25,0.01,0.17,6.82,6.86,99.35,17.81794706,0.00345172177813754,0.1031581,0.2109197,0.0391775,0.4481457,0,0.0510856345277737,0.309789407453041,0.382633938613082,1.73,4
61,YAL-BAS-A,Yalgorup,YAL,5,5,0.1575672,1.3764,1.17,0,0,2.162,0.052,2.16,14.7,0.9,13.9,1.24,11.2,4.88,3.56,3.57,0.12,2.6,0.02,0.05,0.75,0.01,0.1,3.5,3.64,96.04,14.80446927,0.00416457312864301,0.0417849,0.4310247,0.0942984,0.5470626,0.0543016,0.116156954746397,0.0600623642180762,0.134071860399258,1.02,3
62,YAL-BAS-B,Yalgorup,YAL,5,5,0.1595426,1.40616,1.17,0,0,3.905,0.088,3.91,30,4,26,2.86,17.02,4.84,3.51,3.4,0.13,4.14,0.02,0.14,1.3,0.02,0.21,5.79,5.95,97.27,25.91240876,0.0127922952608585,0.0331963,0.4230584,0.0467554,0.2094642,0.011533,0.0766618483063997,0.0400173099345375,0.116762474740007,1.5125,3
63,YAL-BAS-C,Yalgorup,YAL,5,5,0.142926,0.76446,1.17,0,0,2.161,0.052,2.16,20.2,1.6,18.6,1.63,17.33,4.84,3.6,3.55,0.13,3,0.02,0.07,1.27,0.01,0.15,4.49,4.65,96.64,18.10422282,0.00193942250873172,0.195176,0.2293157,0.0945283,0.252505,0.0690846,0.378046595555965,0.137944368655481,0.149730569526233,0.8975,3
64,YAL-BAS-D,Yalgorup,YAL,5,5,0.1752877,2.87556,1.17,0,0,2.311,0.058,2.31,24.2,6.2,18,3.24,20.26,4.96,3.63,3.52,0.13,3.28,0.02,0.04,0.95,0.02,0.09,4.37,4.53,96.33,18,0.000896317442285807,0.0210031,0.3052675,0.0460068,0.1866944,0,0.195606266646273,0.190426625793412,0.1088724111233,1.0675,3
65,YAL-QM-A,Yalgorup,YAL,2,2,0.2317028,1.15134,1.14,37,4.4,5.797,0.103,1.36,53.8,11,42.9,3.05,232.62,7.87,7.43,8.18,0.02,10.99,0,0.07,0.75,0,0.05,11.87,11.89,99.85,11.8902439,0.00478999495262971,0.0595298,0.4968942,0.0607483,0.6498383,0,0.0276195124111838,0.0660073566053174,0.126546098796486,0.7925,3
66,YAL-QM-B,Yalgorup,YAL,2,2,0.1910909,1.40244,1.14,40.8,4.9,6.156,0.072,1.25,42.3,11.1,31.1,2.66,231.11,8.06,7.4,8.17,0.01,10.19,0,0.05,0.62,0,0.07,10.93,10.95,99.87,12.08167896,0.00312060155685753,0.0691764,0.7773319,0.0236144,0.4045015,0.0102792,0.0834227777431409,0.118302687119673,0.128251164799367,0.8275,3
67,YAL-QM-C,Yalgorup,YAL,2,2,0.1382199,0.7998,1.14,33.7,4,5.233,0.048,1.19,34.8,14.6,20.2,0.77,194.87,8.15,7.39,8.24,0.01,7.79,0,0.08,0.58,0,0.12,8.56,8.58,99.86,7.022968198,0.00040826168401233,0.0259259,0.3652508,0.013789,0.1423385,0.0094045,0.10734947375983,0.117066465007182,0.25648681838101,1.095,3
68,YAL-QM-D,Yalgorup,YAL,2,2,0.2031757,1.10298,1.14,28.5,3.4,5.31,0.101,1.9,50.2,16.2,34,4.85,190.07,8.28,7.39,8.18,0.01,9.88,0,0.04,0.66,0,0.06,10.64,10.66,99.89,9.965466206,0.000324014285190549,0.0314025,0.5766523,0.0319393,0.7214529,0.0972941,0.119154931563734,0.242486914297037,0.190473842455339,0.94,3
69,YAL-QO-A,Yalgorup,YAL,3,3,0.325941,2.9574,1.15,28.1,3.4,5.698,0.115,2.33,36.5,5.9,30.6,3.33,240.33,8.2,7.37,7.85,0.03,24.99,0.01,0.14,1.67,0,0.09,26.88,26.92,99.86,16.34738186,0.00219979738725416,0.0959172,1.0053516,0.0412256,0.7372116,0.0512722,0.160641466045846,0.0737440533334954,0.151791563008271,1.5375,3
70,YAL-QO-B,Yalgorup,YAL,3,3,0.178948,1.55496,1.15,27.8,3.3,6.069,0.145,2.74,101.7,20.7,81,4.34,276.92,8.11,7.28,7.87,0.02,17,0,0.09,1.08,0,0.07,18.24,18.25,99.9,18.41491841,0.00314335040285099,0.1496027,0.0995508,0.0489458,0.144533,0,0.19271405251126,0.152126095272751,0.18643231302526,1.3775,3
71,YAL-QO-C,Yalgorup,YAL,3,3,0.3254181,1.9623,1.15,22.7,2.7,5.543,0.165,2.82,74.1,11.8,62.3,4.52,279.73,7.92,7.16,7.82,0.02,21.96,0,0.24,1.44,0,0.07,23.7,23.72,99.91,21.55688623,0.000966903767676442,0.1067265,1.1781647,0.0983791,0.7123047,0.0558476,0.438229477050892,0.147292134204995,0.103806796260042,1.4775,3
72,YAL-QO-D,Yalgorup,YAL,3,3,0.2267643,2.09994,1.15,24,2.9,4.882,0.103,2.01,83.6,19.6,64,4.04,269.79,7.96,7.23,7.99,0.01,12.92,0,0.05,0.78,0,0.04,13.8,13.81,99.89,13.16419339,0.000278434889601808,0.0867696,0.7875342,0.0614618,0.586443,0.018451,0.129082801879353,0.177381678910356,0.218000214863425,1.285,3
73,YAL-QY-A,Yalgorup,YAL,1,1,0.0611212,0.60822,1.27,33.7,4,4.914,0.022,0.87,37.1,28.5,8.7,7.98,168.99,8.45,7.55,8.39,0.01,2.62,0,0.02,0.33,0,0.06,3.04,3.05,99.63,6.044154904,0.00108077322279849,0.0195021,0.4631746,0.0415322,0.262917,0,0.448274174574601,0.0446076646941064,0.12145001707232,0.7825,3
74,YAL-QY-B,Yalgorup,YAL,1,1,0.0539749,0.54498,1.27,32.4,3.9,4.654,0.021,0.77,27.5,21.6,5.8,2.27,167.77,8.54,7.53,8.49,0.01,2.63,0,0.03,0.25,0,0.09,3,3.01,99.73,6.87593423,0.000308778849366653,0.0149367,0.3935825,0.0270728,0.2740888,0.009211,0.31957981515038,0.083162046947693,0.14284978996913,1.0675,3
75,YAL-QY-C,Yalgorup,YAL,1,1,0.0609469,0.49848,1.27,29.9,3.6,4.462,0.02,0.87,34.4,30.2,4.2,3.76,135.58,8.39,7.47,8.47,0.01,2.46,0,0.01,0.26,0,0.03,2.77,2.78,99.65,5.497709288,0.00127782941121221,0.1117072,0.3111518,0.0326809,0.1275352,0,0.264804844996648,0.0656761156904871,0.157970444279305,0.975,3
76,YAL-QY-D,Yalgorup,YAL,1,1,0.0479906,0.20646,1.27,35,4.2,4.946,0.021,0.74,35.7,31.9,3.8,5.38,200.98,8.52,7.46,8.42,0.01,2.73,0,0.02,0.28,0,0.06,3.09,3.1,99.67,5.128205128,0.000227178073107095,0.025523,0.311511,0.0087694,0.1026154,0.0193713,0.266327119469244,0.081575570966249,0.104467204429322,0.84,3
77,YAL-SY-A,Yalgorup,YAL,4,4,0.1722665,2.06088,1.4,0,0,2.664,0.086,2.66,21.1,2.6,18.5,2.33,27.81,6.1,5.1,4.64,0.04,11.47,0.02,0.05,1.6,0.01,0.15,13.28,13.35,99.46,11.39864449,0.00115304448355576,0.0277,0.2744552,0.0427338,0.1458395,0.0262795,0.281954786586919,0.0686171321394128,0.273065194894174,1.4325,3
78,YAL-SY-B,Yalgorup,YAL,4,4,0.0818048,0.5301,1.4,0,0,1.281,0.035,1.28,13.5,2.3,11.2,1.44,14.57,5.89,4.76,4.54,0.1,3.18,0.04,0.08,0.63,0.01,0.06,3.95,4.1,96.35,10.6870229,0.00668128006257096,0.070022,0.1316076,0.0214425,0.1732271,0.0197552,0.129971728110132,0.0412220281099909,0.070839277282276,1.03,3
79,YAL-SY-C,Yalgorup,YAL,4,4,0.1114939,0.90396,1.4,0,0,1.267,0.042,1.27,15.8,4.1,11.8,1.38,21.51,6.11,5.05,4.74,0.05,4.76,0.02,0.03,0.82,0.01,0.1,5.72,5.8,98.65,7.326388889,0.000564520737915734,0.0629351,0.2685821,0.0329449,0.0496389,0.0218648,0.137011492509167,0.0817290884108382,0.193114831850162,1.335,3
80,YAL-SY-D,Yalgorup,YAL,4,4,0.1242759,0.94116,1.4,0,0,1.476,0.045,1.48,21.6,5.4,16.2,1.6,31.88,6.08,5.04,4.72,0.07,4.08,0.04,0.05,0.78,0.01,0.12,5.02,5.15,97.6,10.43236811,0.00308667963705969,0.0513699,0.408819,0.0384482,0.4261801,0,0.178353699067125,0.0968974335778137,0.0576467289776919,1.4325,3